what,kind,bundleId,bundleVersion,description,time
deactivated,workbench,org.eclipse.ui.workbench,3.7.0.I20110519-0100,"",1340127694000
activated,workbench,org.eclipse.ui.workbench,3.7.0.I20110519-0100,"",1340127695437
deactivated,workbench,org.eclipse.ui.workbench,3.7.0.I20110519-0100,"",1340127696296
activated,workbench,org.eclipse.ui.workbench,3.7.0.I20110519-0100,"",1340127696734
activated,view,org.eclipse.jdt.ui,3.7.1.r371_v20110824-0800,"org.eclipse.jdt.ui.PackageExplorer",1340127698046
executed,command,org.eclipse.ui,3.7.0.I20110602-0100,"org.eclipse.ui.file.refresh",1340127699203
deactivated,workbench,org.eclipse.ui.workbench,3.7.0.I20110519-0100,"",1340127703062
activated,workbench,org.eclipse.ui.workbench,3.7.0.I20110519-0100,"",1340127737593
activated,editor,org.eclipse.wb.core.ui,,"org.eclipse.wb.core.guiEditor",1340127739562
started,bundle,org.eclipse.wb.os,1.3.0.r37x201202052311,"org.eclipse.wb.os",1340127754359
started,bundle,org.eclipse.wb.os.win32,1.3.0.r37x201202052311,"org.eclipse.wb.os.win32",1340127754375
started,bundle,org.eclipse.jdt.junit,3.7.0.v20110505-0800,"org.eclipse.jdt.junit",1340127754890
deactivated,workbench,org.eclipse.ui.workbench,3.7.0.I20110519-0100,"",1340127807437
activated,workbench,org.eclipse.ui.workbench,3.7.0.I20110519-0100,"",1340127877359
deactivated,workbench,org.eclipse.ui.workbench,3.7.0.I20110519-0100,"",1340127887687
activated,workbench,org.eclipse.ui.workbench,3.7.0.I20110519-0100,"",1340127889625
deactivated,workbench,org.eclipse.ui.workbench,3.7.0.I20110519-0100,"",1340128044281
activated,workbench,org.eclipse.ui.workbench,3.7.0.I20110519-0100,"",1340128045156
deactivated,workbench,org.eclipse.ui.workbench,3.7.0.I20110519-0100,"",1340128065640
activated,workbench,org.eclipse.ui.workbench,3.7.0.I20110519-0100,"",1340128072109
deactivated,workbench,org.eclipse.ui.workbench,3.7.0.I20110519-0100,"",1340128127640
activated,workbench,org.eclipse.ui.workbench,3.7.0.I20110519-0100,"",1340128127656
deactivated,workbench,org.eclipse.ui.workbench,3.7.0.I20110519-0100,"",1340128147781
activated,workbench,org.eclipse.ui.workbench,3.7.0.I20110519-0100,"",1340128156406
executed,command,org.eclipse.ui,3.7.0.I20110602-0100,"org.eclipse.ui.file.saveAll",1340128191984
deactivated,workbench,org.eclipse.ui.workbench,3.7.0.I20110519-0100,"",1340128192734
activated,workbench,org.eclipse.ui.workbench,3.7.0.I20110519-0100,"",1340128193406
deactivated,workbench,org.eclipse.ui.workbench,3.7.0.I20110519-0100,"",1340128194171
activated,workbench,org.eclipse.ui.workbench,3.7.0.I20110519-0100,"",1340128239218
deactivated,workbench,org.eclipse.ui.workbench,3.7.0.I20110519-0100,"",1340128248187
activated,workbench,org.eclipse.ui.workbench,3.7.0.I20110519-0100,"",1340128258453
deactivated,workbench,org.eclipse.ui.workbench,3.7.0.I20110519-0100,"",1340128267531
activated,workbench,org.eclipse.ui.workbench,3.7.0.I20110519-0100,"",1340128276781
deactivated,workbench,org.eclipse.ui.workbench,3.7.0.I20110519-0100,"",1340128293796
activated,workbench,org.eclipse.ui.workbench,3.7.0.I20110519-0100,"",1340128302484
deactivated,workbench,org.eclipse.ui.workbench,3.7.0.I20110519-0100,"",1340128309406
activated,workbench,org.eclipse.ui.workbench,3.7.0.I20110519-0100,"",1340128323593
deactivated,workbench,org.eclipse.ui.workbench,3.7.0.I20110519-0100,"",1340128364359
activated,workbench,org.eclipse.ui.workbench,3.7.0.I20110519-0100,"",1340128369593
deactivated,workbench,org.eclipse.ui.workbench,3.7.0.I20110519-0100,"",1340128441796
activated,workbench,org.eclipse.ui.workbench,3.7.0.I20110519-0100,"",1340128444250
executed,command,org.eclipse.ui,3.7.0.I20110602-0100,"org.eclipse.ui.file.saveAll",1340128469359
deactivated,workbench,org.eclipse.ui.workbench,3.7.0.I20110519-0100,"",1340128471593
activated,workbench,org.eclipse.ui.workbench,3.7.0.I20110519-0100,"",1340128504187
executed,command,org.eclipse.ui,3.7.0.I20110602-0100,"org.eclipse.ui.file.saveAll",1340128524859
deactivated,workbench,org.eclipse.ui.workbench,3.7.0.I20110519-0100,"",1340128525828
activated,workbench,org.eclipse.ui.workbench,3.7.0.I20110519-0100,"",1340128526296
deactivated,workbench,org.eclipse.ui.workbench,3.7.0.I20110519-0100,"",1340128526953
activated,workbench,org.eclipse.ui.workbench,3.7.0.I20110519-0100,"",1340128532984
executed,command,org.eclipse.ui,3.7.0.I20110602-0100,"org.eclipse.ui.file.saveAll",1340128564234
deactivated,workbench,org.eclipse.ui.workbench,3.7.0.I20110519-0100,"",1340128564953
activated,workbench,org.eclipse.ui.workbench,3.7.0.I20110519-0100,"",1340128565531
deactivated,workbench,org.eclipse.ui.workbench,3.7.0.I20110519-0100,"",1340128566343
activated,workbench,org.eclipse.ui.workbench,3.7.0.I20110519-0100,"",1340128584421
deactivated,workbench,org.eclipse.ui.workbench,3.7.0.I20110519-0100,"",1340128600937
activated,workbench,org.eclipse.ui.workbench,3.7.0.I20110519-0100,"",1340128717781
deactivated,workbench,org.eclipse.ui.workbench,3.7.0.I20110519-0100,"",1340128720265
activated,workbench,org.eclipse.ui.workbench,3.7.0.I20110519-0100,"",1340128723218
executed,command,org.eclipse.ui,3.7.0.I20110602-0100,"org.eclipse.ui.file.saveAll",1340128727968
deactivated,workbench,org.eclipse.ui.workbench,3.7.0.I20110519-0100,"",1340128730734
activated,workbench,org.eclipse.ui.workbench,3.7.0.I20110519-0100,"",1340128753171
deactivated,workbench,org.eclipse.ui.workbench,3.7.0.I20110519-0100,"",1340128802781
activated,workbench,org.eclipse.ui.workbench,3.7.0.I20110519-0100,"",1340128824859
deactivated,workbench,org.eclipse.ui.workbench,3.7.0.I20110519-0100,"",1340128827531
activated,workbench,org.eclipse.ui.workbench,3.7.0.I20110519-0100,"",1340128827546
deactivated,workbench,org.eclipse.ui.workbench,3.7.0.I20110519-0100,"",1340128827640
activated,workbench,org.eclipse.ui.workbench,3.7.0.I20110519-0100,"",1340128959218
executed,command,org.eclipse.ui,3.7.0.I20110602-0100,"org.eclipse.ui.file.saveAll",1340128968890
deactivated,workbench,org.eclipse.ui.workbench,3.7.0.I20110519-0100,"",1340128974609
activated,workbench,org.eclipse.ui.workbench,3.7.0.I20110519-0100,"",1340128981500
deactivated,workbench,org.eclipse.ui.workbench,3.7.0.I20110519-0100,"",1340128982578
activated,workbench,org.eclipse.ui.workbench,3.7.0.I20110519-0100,"",1340128982593
deactivated,workbench,org.eclipse.ui.workbench,3.7.0.I20110519-0100,"",1340128982734
activated,workbench,org.eclipse.ui.workbench,3.7.0.I20110519-0100,"",1340129297406
deactivated,workbench,org.eclipse.ui.workbench,3.7.0.I20110519-0100,"",1340129297734
activated,workbench,org.eclipse.ui.workbench,3.7.0.I20110519-0100,"",1340129415421
deactivated,workbench,org.eclipse.ui.workbench,3.7.0.I20110519-0100,"",1340129427562
activated,workbench,org.eclipse.ui.workbench,3.7.0.I20110519-0100,"",1340129508312
deactivated,workbench,org.eclipse.ui.workbench,3.7.0.I20110519-0100,"",1340129526859
activated,workbench,org.eclipse.ui.workbench,3.7.0.I20110519-0100,"",1340129877046
executed,command,org.eclipse.ui,3.7.0.I20110602-0100,"org.eclipse.ui.file.saveAll",1340129896750
deactivated,workbench,org.eclipse.ui.workbench,3.7.0.I20110519-0100,"",1340129897640
activated,workbench,org.eclipse.ui.workbench,3.7.0.I20110519-0100,"",1340129984515
deactivated,workbench,org.eclipse.ui.workbench,3.7.0.I20110519-0100,"",1340129989171
activated,workbench,org.eclipse.ui.workbench,3.7.0.I20110519-0100,"",1340130537296
deactivated,workbench,org.eclipse.ui.workbench,3.7.0.I20110519-0100,"",1340130543203
activated,workbench,org.eclipse.ui.workbench,3.7.0.I20110519-0100,"",1340130627500
deactivated,workbench,org.eclipse.ui.workbench,3.7.0.I20110519-0100,"",1340130646093
activated,workbench,org.eclipse.ui.workbench,3.7.0.I20110519-0100,"",1340130646093
deactivated,workbench,org.eclipse.ui.workbench,3.7.0.I20110519-0100,"",1340130646171
activated,workbench,org.eclipse.ui.workbench,3.7.0.I20110519-0100,"",1340130649843
activated,view,org.eclipse.jdt.ui,3.7.1.r371_v20110824-0800,"org.eclipse.jdt.ui.PackageExplorer",1340130659343
deactivated,workbench,org.eclipse.ui.workbench,3.7.0.I20110519-0100,"",1340130688421
activated,workbench,org.eclipse.ui.workbench,3.7.0.I20110519-0100,"",1340130688437
deactivated,workbench,org.eclipse.ui.workbench,3.7.0.I20110519-0100,"",1340130688515
activated,workbench,org.eclipse.ui.workbench,3.7.0.I20110519-0100,"",1340130889015
activated,editor,org.eclipse.wb.core.ui,,"org.eclipse.wb.core.guiEditor",1340130890796
executed,command,org.eclipse.ui,3.7.0.I20110602-0100,"org.eclipse.ui.edit.delete",1340130967625
executed,command,org.eclipse.ui,3.7.0.I20110602-0100,"org.eclipse.ui.file.saveAll",1340130987828
activated,view,org.eclipse.jdt.ui,3.7.1.r371_v20110824-0800,"org.eclipse.jdt.ui.PackageExplorer",1340130996390
started,bundle,org.eclipse.compare,3.5.201.R37x_v20110817-0800,"org.eclipse.compare",1340130997906
deactivated,workbench,org.eclipse.ui.workbench,3.7.0.I20110519-0100,"",1340131049203
activated,workbench,org.eclipse.ui.workbench,3.7.0.I20110519-0100,"",1340132842296
opened,editor,org.eclipse.jdt.ui,3.7.1.r371_v20110824-0800,"org.eclipse.jdt.ui.CompilationUnitEditor",1340132842687
activated,editor,org.eclipse.jdt.ui,3.7.1.r371_v20110824-0800,"org.eclipse.jdt.ui.CompilationUnitEditor",1340132842812
activated,editor,org.eclipse.wb.core.ui,,"org.eclipse.wb.core.guiEditor",1340132855796
deactivated,workbench,org.eclipse.ui.workbench,3.7.0.I20110519-0100,"",1340132866531
activated,workbench,org.eclipse.ui.workbench,3.7.0.I20110519-0100,"",1340132895171
activated,view,org.eclipse.jdt.ui,3.7.1.r371_v20110824-0800,"org.eclipse.jdt.ui.PackageExplorer",1340132897250
activated,editor,org.eclipse.jdt.ui,3.7.1.r371_v20110824-0800,"org.eclipse.jdt.ui.CompilationUnitEditor",1340132897562
deactivated,workbench,org.eclipse.ui.workbench,3.7.0.I20110519-0100,"",1340132916062
activated,workbench,org.eclipse.ui.workbench,3.7.0.I20110519-0100,"",1340132916156
started,bundle,org.eclipse.mylyn.java.ui,3.7.0.I20120204-0747,"org.eclipse.mylyn.java.ui",1340132925468
executed,command,org.eclipse.ui,3.7.0.I20110602-0100,"org.eclipse.ui.edit.text.contentAssist.proposals",1340132926187
activated,view,org.eclipse.jdt.ui,3.7.1.r371_v20110824-0800,"org.eclipse.jdt.ui.PackageExplorer",1340132930390
started,bundle,org.eclipse.mylyn.context.ui,3.7.0.I20120204-0747,"org.eclipse.mylyn.context.ui",1340132930531
opened,editor,org.eclipse.wb.core.ui,,"org.eclipse.wb.core.guiEditor",1340132935265
activated,editor,org.eclipse.wb.core.ui,,"org.eclipse.wb.core.guiEditor",1340132935375
deactivated,workbench,org.eclipse.ui.workbench,3.7.0.I20110519-0100,"",1340132943625
activated,workbench,org.eclipse.ui.workbench,3.7.0.I20110519-0100,"",1340132946703
executed,command,org.eclipse.ui,3.7.0.I20110602-0100,"org.eclipse.ui.file.saveAll",1340132948234
deactivated,workbench,org.eclipse.ui.workbench,3.7.0.I20110519-0100,"",1340133003281
activated,workbench,org.eclipse.ui.workbench,3.7.0.I20110519-0100,"",1340133013765
deactivated,workbench,org.eclipse.ui.workbench,3.7.0.I20110519-0100,"",1340133016437
activated,workbench,org.eclipse.ui.workbench,3.7.0.I20110519-0100,"",1340133026890
deactivated,workbench,org.eclipse.ui.workbench,3.7.0.I20110519-0100,"",1340133031406
activated,workbench,org.eclipse.ui.workbench,3.7.0.I20110519-0100,"",1340133031421
deactivated,workbench,org.eclipse.ui.workbench,3.7.0.I20110519-0100,"",1340133031484
activated,workbench,org.eclipse.ui.workbench,3.7.0.I20110519-0100,"",1340133056296
deactivated,workbench,org.eclipse.ui.workbench,3.7.0.I20110519-0100,"",1340133099406
activated,workbench,org.eclipse.ui.workbench,3.7.0.I20110519-0100,"",1340133101203
deactivated,workbench,org.eclipse.ui.workbench,3.7.0.I20110519-0100,"",1340133101984
activated,workbench,org.eclipse.ui.workbench,3.7.0.I20110519-0100,"",1340133102000
deactivated,workbench,org.eclipse.ui.workbench,3.7.0.I20110519-0100,"",1340133102031
activated,workbench,org.eclipse.ui.workbench,3.7.0.I20110519-0100,"",1340133145328
deactivated,workbench,org.eclipse.ui.workbench,3.7.0.I20110519-0100,"",1340133194843
activated,workbench,org.eclipse.ui.workbench,3.7.0.I20110519-0100,"",1340133194843
deactivated,workbench,org.eclipse.ui.workbench,3.7.0.I20110519-0100,"",1340133194921
activated,workbench,org.eclipse.ui.workbench,3.7.0.I20110519-0100,"",1340133202953
deactivated,workbench,org.eclipse.ui.workbench,3.7.0.I20110519-0100,"",1340133205937
activated,workbench,org.eclipse.ui.workbench,3.7.0.I20110519-0100,"",1340133207203
deactivated,workbench,org.eclipse.ui.workbench,3.7.0.I20110519-0100,"",1340133232968
activated,workbench,org.eclipse.ui.workbench,3.7.0.I20110519-0100,"",1340133232968
deactivated,workbench,org.eclipse.ui.workbench,3.7.0.I20110519-0100,"",1340133233062
activated,workbench,org.eclipse.ui.workbench,3.7.0.I20110519-0100,"",1340133294906
deactivated,workbench,org.eclipse.ui.workbench,3.7.0.I20110519-0100,"",1340133400531
activated,workbench,org.eclipse.ui.workbench,3.7.0.I20110519-0100,"",1340133402859
executed,command,org.eclipse.ui,3.7.0.I20110602-0100,"org.eclipse.ui.file.saveAll",1340133426015
executed,command,org.eclipse.ui,3.7.0.I20110602-0100,"org.eclipse.ui.edit.undo",1340133452968
deactivated,workbench,org.eclipse.ui.workbench,3.7.0.I20110519-0100,"",1340133453046
activated,workbench,org.eclipse.ui.workbench,3.7.0.I20110519-0100,"",1340133456265
deactivated,workbench,org.eclipse.ui.workbench,3.7.0.I20110519-0100,"",1340133464937
activated,workbench,org.eclipse.ui.workbench,3.7.0.I20110519-0100,"",1340133464937
deactivated,workbench,org.eclipse.ui.workbench,3.7.0.I20110519-0100,"",1340133465015
activated,workbench,org.eclipse.ui.workbench,3.7.0.I20110519-0100,"",1340133472109
deactivated,workbench,org.eclipse.ui.workbench,3.7.0.I20110519-0100,"",1340133501343
activated,workbench,org.eclipse.ui.workbench,3.7.0.I20110519-0100,"",1340133501343
deactivated,workbench,org.eclipse.ui.workbench,3.7.0.I20110519-0100,"",1340133501453
activated,workbench,org.eclipse.ui.workbench,3.7.0.I20110519-0100,"",1340133525609
deactivated,workbench,org.eclipse.ui.workbench,3.7.0.I20110519-0100,"",1340133572593
activated,workbench,org.eclipse.ui.workbench,3.7.0.I20110519-0100,"",1340133574828
deactivated,workbench,org.eclipse.ui.workbench,3.7.0.I20110519-0100,"",1340133594562
activated,workbench,org.eclipse.ui.workbench,3.7.0.I20110519-0100,"",1340133594578
deactivated,workbench,org.eclipse.ui.workbench,3.7.0.I20110519-0100,"",1340133594671
activated,workbench,org.eclipse.ui.workbench,3.7.0.I20110519-0100,"",1340133608890
executed,command,org.eclipse.ui,3.7.0.I20110602-0100,"org.eclipse.ui.file.saveAll",1340133638859
deactivated,workbench,org.eclipse.ui.workbench,3.7.0.I20110519-0100,"",1340133641515
activated,workbench,org.eclipse.ui.workbench,3.7.0.I20110519-0100,"",1340133759140
deactivated,workbench,org.eclipse.ui.workbench,3.7.0.I20110519-0100,"",1340133762625
activated,workbench,org.eclipse.ui.workbench,3.7.0.I20110519-0100,"",1340133788015
deactivated,workbench,org.eclipse.ui.workbench,3.7.0.I20110519-0100,"",1340133789375
activated,workbench,org.eclipse.ui.workbench,3.7.0.I20110519-0100,"",1340133791078
deactivated,workbench,org.eclipse.ui.workbench,3.7.0.I20110519-0100,"",1340133876984
activated,workbench,org.eclipse.ui.workbench,3.7.0.I20110519-0100,"",1340133947953
deactivated,workbench,org.eclipse.ui.workbench,3.7.0.I20110519-0100,"",1340133950328
activated,workbench,org.eclipse.ui.workbench,3.7.0.I20110519-0100,"",1340133950890
deactivated,workbench,org.eclipse.ui.workbench,3.7.0.I20110519-0100,"",1340134004093
activated,workbench,org.eclipse.ui.workbench,3.7.0.I20110519-0100,"",1340134004656
executed,command,org.eclipse.ui,3.7.0.I20110602-0100,"org.eclipse.ui.file.saveAll",1340134085203
deactivated,workbench,org.eclipse.ui.workbench,3.7.0.I20110519-0100,"",1340134087140
activated,workbench,org.eclipse.ui.workbench,3.7.0.I20110519-0100,"",1340134091546
activated,editor,org.eclipse.wb.core.ui,,"org.eclipse.wb.core.guiEditor",1340134093687
deactivated,workbench,org.eclipse.ui.workbench,3.7.0.I20110519-0100,"",1340134245250
activated,workbench,org.eclipse.ui.workbench,3.7.0.I20110519-0100,"",1340134430546
deactivated,workbench,org.eclipse.ui.workbench,3.7.0.I20110519-0100,"",1340134433406
activated,workbench,org.eclipse.ui.workbench,3.7.0.I20110519-0100,"",1340134433406
deactivated,workbench,org.eclipse.ui.workbench,3.7.0.I20110519-0100,"",1340134433515
activated,workbench,org.eclipse.ui.workbench,3.7.0.I20110519-0100,"",1340134455843
activated,view,org.eclipse.jdt.ui,3.7.1.r371_v20110824-0800,"org.eclipse.jdt.ui.PackageExplorer",1340134461718
activated,editor,org.eclipse.jdt.ui,3.7.1.r371_v20110824-0800,"org.eclipse.jdt.ui.CompilationUnitEditor",1340134466562
activated,view,org.eclipse.jdt.ui,3.7.1.r371_v20110824-0800,"org.eclipse.jdt.ui.PackageExplorer",1340134471984
activated,editor,org.eclipse.wb.core.ui,,"org.eclipse.wb.core.guiEditor",1340134476671
activated,view,org.eclipse.jdt.ui,3.7.1.r371_v20110824-0800,"org.eclipse.jdt.ui.PackageExplorer",1340134506718
activated,editor,org.eclipse.wb.core.ui,,"org.eclipse.wb.core.guiEditor",1340134506765
executed,command,org.eclipse.ui,3.7.0.I20110602-0100,"org.eclipse.ui.file.saveAll",1340134507687
started,bundle,org.eclipse.wb.swing.FormLayout.lib,1.1.0.r37x201109091143,"org.eclipse.wb.swing.FormLayout.lib",1340134554062
executed,command,org.eclipse.ui,3.7.0.I20110602-0100,"org.eclipse.ui.edit.delete",1340134567421
executed,command,org.eclipse.ui,3.7.0.I20110602-0100,"org.eclipse.ui.edit.undo",1340134569531
deactivated,workbench,org.eclipse.ui.workbench,3.7.0.I20110519-0100,"",1340134569562
activated,workbench,org.eclipse.ui.workbench,3.7.0.I20110519-0100,"",1340134572656
executed,command,org.eclipse.ui,3.7.0.I20110602-0100,"org.eclipse.ui.edit.delete",1340134576187
deactivated,workbench,org.eclipse.ui.workbench,3.7.0.I20110519-0100,"",1340134587859
activated,workbench,org.eclipse.ui.workbench,3.7.0.I20110519-0100,"",1340134607890
deactivated,workbench,org.eclipse.ui.workbench,3.7.0.I20110519-0100,"",1340134608906
activated,workbench,org.eclipse.ui.workbench,3.7.0.I20110519-0100,"",1340134609015
deactivated,workbench,org.eclipse.ui.workbench,3.7.0.I20110519-0100,"",1340134676062
activated,workbench,org.eclipse.ui.workbench,3.7.0.I20110519-0100,"",1340134681031
deactivated,workbench,org.eclipse.ui.workbench,3.7.0.I20110519-0100,"",1340134687703
activated,workbench,org.eclipse.ui.workbench,3.7.0.I20110519-0100,"",1340134728093
deactivated,workbench,org.eclipse.ui.workbench,3.7.0.I20110519-0100,"",1340134733687
activated,workbench,org.eclipse.ui.workbench,3.7.0.I20110519-0100,"",1340134816906
deactivated,workbench,org.eclipse.ui.workbench,3.7.0.I20110519-0100,"",1340134818375
activated,workbench,org.eclipse.ui.workbench,3.7.0.I20110519-0100,"",1340134823156
deactivated,workbench,org.eclipse.ui.workbench,3.7.0.I20110519-0100,"",1340134835156
error,log,,,"Unhandled event loop exception",1340134947984
activated,workbench,org.eclipse.ui.workbench,3.7.0.I20110519-0100,"",1340135095812
deactivated,workbench,org.eclipse.ui.workbench,3.7.0.I20110519-0100,"",1340135117250
activated,workbench,org.eclipse.ui.workbench,3.7.0.I20110519-0100,"",1340135123515
deactivated,workbench,org.eclipse.ui.workbench,3.7.0.I20110519-0100,"",1340135133359
activated,workbench,org.eclipse.ui.workbench,3.7.0.I20110519-0100,"",1340135133359
deactivated,workbench,org.eclipse.ui.workbench,3.7.0.I20110519-0100,"",1340135133437
activated,workbench,org.eclipse.ui.workbench,3.7.0.I20110519-0100,"",1340135135093
deactivated,workbench,org.eclipse.ui.workbench,3.7.0.I20110519-0100,"",1340135209046
activated,workbench,org.eclipse.ui.workbench,3.7.0.I20110519-0100,"",1340135211703
deactivated,workbench,org.eclipse.ui.workbench,3.7.0.I20110519-0100,"",1340135307437
activated,workbench,org.eclipse.ui.workbench,3.7.0.I20110519-0100,"",1340135312406
deactivated,workbench,org.eclipse.ui.workbench,3.7.0.I20110519-0100,"",1340135322390
activated,workbench,org.eclipse.ui.workbench,3.7.0.I20110519-0100,"",1340135331265
deactivated,workbench,org.eclipse.ui.workbench,3.7.0.I20110519-0100,"",1340135339640
activated,workbench,org.eclipse.ui.workbench,3.7.0.I20110519-0100,"",1340135342500
deactivated,workbench,org.eclipse.ui.workbench,3.7.0.I20110519-0100,"",1340135367062
activated,workbench,org.eclipse.ui.workbench,3.7.0.I20110519-0100,"",1340135372234
deactivated,workbench,org.eclipse.ui.workbench,3.7.0.I20110519-0100,"",1340135379859
activated,workbench,org.eclipse.ui.workbench,3.7.0.I20110519-0100,"",1340135385250
deactivated,workbench,org.eclipse.ui.workbench,3.7.0.I20110519-0100,"",1340135442734
activated,workbench,org.eclipse.ui.workbench,3.7.0.I20110519-0100,"",1340135455578
executed,command,org.eclipse.ui,3.7.0.I20110602-0100,"org.eclipse.ui.edit.copy",1340135521437
executed,command,org.eclipse.ui,3.7.0.I20110602-0100,"org.eclipse.ui.edit.paste",1340135522203
executed,command,org.eclipse.ui,3.7.0.I20110602-0100,"org.eclipse.ui.edit.paste",1340135540218
no handler,command,org.eclipse.ui,3.7.0.I20110602-0100,"org.eclipse.ui.edit.undo",1340135587828
executed,command,org.eclipse.ui,3.7.0.I20110602-0100,"org.eclipse.ui.file.saveAll",1340135700218
activated,view,org.eclipse.jdt.ui,3.7.1.r371_v20110824-0800,"org.eclipse.jdt.ui.PackageExplorer",1340135712390
deactivated,workbench,org.eclipse.ui.workbench,3.7.0.I20110519-0100,"",1340135717250
activated,workbench,org.eclipse.ui.workbench,3.7.0.I20110519-0100,"",1340135773921
activated,editor,org.eclipse.wb.core.ui,,"org.eclipse.wb.core.guiEditor",1340135776359
activated,editor,org.eclipse.jdt.ui,3.7.1.r371_v20110824-0800,"org.eclipse.jdt.ui.CompilationUnitEditor",1340135796734
activated,editor,org.eclipse.wb.core.ui,,"org.eclipse.wb.core.guiEditor",1340135797796
deactivated,workbench,org.eclipse.ui.workbench,3.7.0.I20110519-0100,"",1340135814203
activated,workbench,org.eclipse.ui.workbench,3.7.0.I20110519-0100,"",1340135816156
executed,command,org.eclipse.ui,3.7.0.I20110602-0100,"org.eclipse.ui.edit.text.contentAssist.proposals",1340135834406
executed,command,org.eclipse.ui,3.7.0.I20110602-0100,"org.eclipse.ui.file.saveAll",1340135845359
deactivated,workbench,org.eclipse.ui.workbench,3.7.0.I20110519-0100,"",1340135847250
activated,workbench,org.eclipse.ui.workbench,3.7.0.I20110519-0100,"",1340135853343
deactivated,workbench,org.eclipse.ui.workbench,3.7.0.I20110519-0100,"",1340135857750
activated,workbench,org.eclipse.ui.workbench,3.7.0.I20110519-0100,"",1340135864421
activated,editor,org.eclipse.jdt.ui,3.7.1.r371_v20110824-0800,"org.eclipse.jdt.ui.CompilationUnitEditor",1340135869046
activated,editor,org.eclipse.wb.core.ui,,"org.eclipse.wb.core.guiEditor",1340135887671
deactivated,workbench,org.eclipse.ui.workbench,3.7.0.I20110519-0100,"",1340135909421
activated,workbench,org.eclipse.ui.workbench,3.7.0.I20110519-0100,"",1340135929687
executed,command,org.eclipse.ui,3.7.0.I20110602-0100,"org.eclipse.ui.edit.text.contentAssist.proposals",1340135988515
executed,command,org.eclipse.ui,3.7.0.I20110602-0100,"org.eclipse.ui.edit.cut",1340136040453
executed,command,org.eclipse.ui,3.7.0.I20110602-0100,"org.eclipse.ui.edit.paste",1340136044593
executed,command,org.eclipse.ui,3.7.0.I20110602-0100,"org.eclipse.ui.edit.text.contentAssist.proposals",1340136048843
executed,command,org.eclipse.ui,3.7.0.I20110602-0100,"org.eclipse.ui.file.saveAll",1340136079765
deactivated,workbench,org.eclipse.ui.workbench,3.7.0.I20110519-0100,"",1340136082609
activated,workbench,org.eclipse.ui.workbench,3.7.0.I20110519-0100,"",1340136091015
deactivated,workbench,org.eclipse.ui.workbench,3.7.0.I20110519-0100,"",1340136096031
activated,workbench,org.eclipse.ui.workbench,3.7.0.I20110519-0100,"",1340136101656
executed,command,org.eclipse.ui,3.7.0.I20110602-0100,"org.eclipse.ui.edit.cut",1340136143031
executed,command,org.eclipse.ui,3.7.0.I20110602-0100,"org.eclipse.ui.edit.paste",1340136146250
deactivated,workbench,org.eclipse.ui.workbench,3.7.0.I20110519-0100,"",1340136148234
activated,workbench,org.eclipse.ui.workbench,3.7.0.I20110519-0100,"",1340136156765
activated,editor,org.eclipse.jdt.ui,3.7.1.r371_v20110824-0800,"org.eclipse.jdt.ui.CompilationUnitEditor",1340136228031
activated,editor,org.eclipse.wb.core.ui,,"org.eclipse.wb.core.guiEditor",1340136230671
executed,command,org.eclipse.ui,3.7.0.I20110602-0100,"org.eclipse.ui.file.saveAll",1340136245765
activated,editor,org.eclipse.jdt.ui,3.7.1.r371_v20110824-0800,"org.eclipse.jdt.ui.CompilationUnitEditor",1340136284921
executed,command,org.eclipse.ui,3.7.0.I20110602-0100,"org.eclipse.ui.file.saveAll",1340136288031
activated,editor,org.eclipse.wb.core.ui,,"org.eclipse.wb.core.guiEditor",1340136289078
deactivated,workbench,org.eclipse.ui.workbench,3.7.0.I20110519-0100,"",1340136289375
activated,workbench,org.eclipse.ui.workbench,3.7.0.I20110519-0100,"",1340136295718
activated,editor,org.eclipse.wb.core.ui,,"org.eclipse.wb.core.guiEditor",1340136309875
activated,editor,org.eclipse.wb.core.ui,,"org.eclipse.wb.core.guiEditor",1340136353281
executed,command,org.eclipse.ui,3.7.0.I20110602-0100,"org.eclipse.ui.file.saveAll",1340136355734
executed,command,org.eclipse.ui,3.7.0.I20110602-0100,"org.eclipse.ui.file.saveAll",1340136373484
executed,command,org.eclipse.ui,3.7.0.I20110602-0100,"org.eclipse.ui.edit.cut",1340136395171
executed,command,org.eclipse.ui,3.7.0.I20110602-0100,"org.eclipse.ui.edit.paste",1340136403484
deactivated,workbench,org.eclipse.ui.workbench,3.7.0.I20110519-0100,"",1340136419250
activated,workbench,org.eclipse.ui.workbench,3.7.0.I20110519-0100,"",1340136420890
executed,command,org.eclipse.ui,3.7.0.I20110602-0100,"org.eclipse.ui.edit.undo",1340136437328
executed,command,org.eclipse.ui,3.7.0.I20110602-0100,"org.eclipse.ui.edit.undo",1340136437640
executed,command,org.eclipse.ui,3.7.0.I20110602-0100,"org.eclipse.ui.edit.undo",1340136437968
executed,command,org.eclipse.ui,3.7.0.I20110602-0100,"org.eclipse.ui.edit.undo",1340136438343
executed,command,org.eclipse.ui,3.7.0.I20110602-0100,"org.eclipse.ui.edit.undo",1340136438750
executed,command,org.eclipse.ui,3.7.0.I20110602-0100,"org.eclipse.ui.file.saveAll",1340136441031
deactivated,workbench,org.eclipse.ui.workbench,3.7.0.I20110519-0100,"",1340136441812
activated,workbench,org.eclipse.ui.workbench,3.7.0.I20110519-0100,"",1340136442390
deactivated,workbench,org.eclipse.ui.workbench,3.7.0.I20110519-0100,"",1340136443078
activated,workbench,org.eclipse.ui.workbench,3.7.0.I20110519-0100,"",1340136450187
executed,command,org.eclipse.ui,3.7.0.I20110602-0100,"org.eclipse.ui.edit.cut",1340136464359
executed,command,org.eclipse.ui,3.7.0.I20110602-0100,"org.eclipse.ui.edit.undo",1340136471406
